0,voter_id,age,sex,voting_method,1,approval on project 2296,approval on project 2263,approval on project 1867,approval on project 2037,approval on project 518,approval on project 248,approval on project 1226,approval on project 2205
1,333,63,M,internet,1,1,1,1,0,1,1,1,1
2,898,28,F,internet,0,0,1,0,1,1,1,1,0
3,1307,21,M,internet,1,1,1,1,1,1,1,0,1
4,2155,34,F,internet,0,0,1,0,0,0,0,0,0
5,2558,30,F,internet,0,1,0,0,0,0,0,0,0
6,3054,32,M,internet,1,0,1,1,0,0,0,1,1
7,3232,66,F,internet,1,1,1,1,1,1,1,0,1
8,3523,33,M,internet,1,0,0,0,0,0,0,0,0
9,3874,81,M,internet,0,1,0,0,0,0,0,0,0
10,3892,48,F,internet,0,0,1,0,0,0,0,0,0
11,4099,46,F,internet,1,1,1,1,0,1,1,1,1
12,4576,55,F,internet,1,0,0,0,0,0,0,0,0
13,4625,23,F,internet,0,0,0,0,0,0,1,0,0
14,4713,42,M,internet,1,1,1,1,0,1,1,1,1
15,4770,47,F,internet,1,1,0,0,1,1,1,1,1
16,4875,34,F,internet,1,1,1,1,1,1,1,0,1
17,5139,22,F,internet,1,1,1,1,1,1,1,0,1
18,5428,42,F,internet,1,1,1,1,1,1,1,0,1
19,5445,75,M,internet,1,0,1,0,1,0,1,1,1
20,5735,61,F,internet,0,0,0,0,1,0,0,0,0
21,6119,57,F,internet,1,1,0,0,0,0,0,0,0
22,6123,45,F,internet,0,0,0,0,0,0,0,1,0
23,6243,46,M,internet,1,1,1,1,1,1,1,0,1
24,6272,25,M,internet,1,0,1,1,0,1,1,1,0
25,6739,31,M,internet,1,1,0,0,1,1,1,1,1
26,6746,39,F,internet,1,1,0,0,1,1,1,1,1
27,6755,51,F,internet,1,0,1,0,1,1,1,1,0
28,6994,68,F,internet,0,0,1,1,0,0,0,0,0
29,7005,68,M,internet,1,1,1,1,0,0,0,1,0
30,7790,34,M,internet,1,1,1,1,1,1,1,0,0
31,7818,37,F,internet,1,1,1,1,0,1,1,1,1
32,7843,31,F,internet,1,1,1,0,0,0,0,0,0
33,8645,57,M,internet,1,0,0,0,0,0,0,0,0
34,9230,33,M,internet,0,0,0,0,1,0,0,0,0
35,9314,47,F,internet,1,1,1,1,1,1,1,0,1
36,9444,29,F,internet,1,1,1,1,1,1,1,0,0
37,9594,28,M,internet,0,0,0,0,1,0,0,0,0
38,9662,39,M,internet,1,1,1,1,1,1,1,0,1
39,10043,44,F,internet,1,1,0,1,1,0,0,0,0
40,10145,34,F,internet,1,1,0,1,1,0,0,0,0
41,10209,6,F,internet,0,0,0,0,0,0,0,1,0
42,10211,43,F,internet,0,0,0,0,0,0,0,1,0
43,10718,66,M,internet,0,0,0,0,1,0,0,0,0
44,10750,64,F,internet,0,1,0,0,0,0,0,0,0
45,10948,44,M,internet,1,0,1,1,0,0,0,0,1
46,11074,44,F,internet,1,1,1,1,1,1,1,0,1
47,11173,34,F,internet,0,0,0,0,0,1,1,0,0
48,11322,18,M,internet,1,1,1,1,1,1,1,0,1
49,11328,35,M,internet,0,0,0,0,1,1,1,0,0
50,11697,26,M,internet,1,0,1,0,1,1,1,0,0
51,11728,32,M,internet,0,1,0,1,1,0,1,1,0
52,11811,27,F,internet,1,0,0,0,1,0,0,0,0
53,11827,42,F,internet,0,1,0,1,1,0,1,1,0
54,11829,32,M,internet,0,0,0,0,0,0,0,0,1
55,11863,55,F,internet,1,0,1,0,1,1,1,1,0
56,11944,34,M,internet,0,1,0,0,0,0,0,0,0
57,11973,63,F,internet,1,0,0,0,0,0,0,0,0
58,12016,52,M,internet,0,0,0,0,1,0,0,0,0
59,12141,27,F,internet,1,1,1,1,1,1,1,0,0
60,12151,31,M,internet,0,1,0,0,1,0,0,0,0
61,12213,24,M,internet,0,1,0,0,0,1,1,1,0
62,12238,44,F,internet,0,0,0,0,0,1,1,1,0
63,12267,14,F,internet,0,0,0,0,0,1,1,1,0
64,12386,49,M,internet,0,0,0,0,1,0,0,0,0
65,12489,35,F,internet,0,0,0,0,1,0,0,0,0
66,12512,71,M,internet,0,0,0,0,1,0,0,0,0
67,12525,68,F,internet,1,1,1,1,1,1,1,0,1
68,12547,42,F,internet,0,0,0,0,0,1,0,1,0
69,12560,18,M,internet,1,1,0,1,0,1,1,1,1
70,12680,66,F,internet,0,0,0,0,1,1,0,0,0
71,12723,32,M,internet,1,0,1,0,1,1,0,1,0
72,12753,35,M,internet,1,1,1,0,1,0,0,1,0
73,12769,35,F,internet,1,1,1,1,0,1,1,1,1
74,12777,69,M,internet,1,1,1,1,0,1,1,1,1
75,12841,18,F,internet,1,1,1,1,0,1,1,1,1
76,12911,95,F,internet,0,1,1,0,1,1,1,1,1
77,12948,62,F,internet,0,0,0,0,1,0,0,0,0
78,13103,38,F,internet,0,1,0,0,0,0,0,0,0
79,13202,52,F,internet,1,1,1,0,0,1,0,1,1
80,13256,29,M,internet,0,0,0,0,0,0,0,1,0
81,13313,39,M,internet,0,1,0,0,0,0,0,0,0
82,13397,39,F,internet,1,1,1,1,0,1,1,1,1
83,13638,49,F,internet,0,1,0,0,1,1,1,1,0
84,13949,39,M,internet,1,1,1,1,1,1,1,0,1
85,14159,42,F,internet,1,1,0,0,0,0,0,0,0
86,14567,32,F,internet,0,1,0,0,0,0,0,0,0
87,14933,29,F,internet,1,1,1,1,1,1,1,0,1
88,15101,41,M,internet,1,1,1,1,1,1,1,0,1
89,15114,47,F,internet,0,1,0,0,0,0,0,0,0
90,15511,54,M,internet,1,1,1,1,1,1,1,0,0
91,15560,34,M,internet,1,1,1,1,0,0,0,0,1
92,15636,40,F,internet,0,0,0,0,1,0,0,0,0
93,15720,33,F,internet,1,1,1,1,0,0,0,0,0
94,15729,31,F,internet,1,1,1,1,0,1,1,1,1
95,15738,40,M,internet,1,1,1,1,0,0,0,0,0
96,15753,1,F,internet,1,1,1,0,1,1,0,0,0
97,15814,27,M,internet,0,1,0,0,1,0,1,0,0
98,15941,27,M,internet,0,0,0,0,1,0,0,0,0
99,16085,61,F,internet,0,1,0,0,0,0,0,0,0
100,16110,52,F,internet,0,1,0,0,0,0,0,0,0
101,16303,43,F,internet,0,0,0,0,1,0,0,0,0
102,16465,35,M,internet,0,1,0,1,1,0,0,1,0
103,16649,32,M,internet,1,1,0,0,1,1,1,1,1
104,16875,83,F,internet,0,0,0,0,1,0,0,0,0
105,17024,35,M,internet,0,0,0,0,1,1,0,0,0
106,17347,27,F,internet,0,1,0,0,0,0,0,0,0
107,17413,82,M,internet,1,1,1,1,0,0,0,0,1
108,17450,65,F,internet,1,1,1,0,0,0,0,0,0
109,17519,22,F,internet,0,1,0,1,1,1,0,1,0
110,17632,21,M,internet,1,1,1,1,1,1,1,0,0
111,17665,42,F,internet,0,0,0,0,1,0,0,0,0
112,17668,34,M,internet,0,1,0,1,0,0,0,0,0
113,17673,40,M,internet,0,1,0,0,1,0,0,0,0
114,17722,59,M,internet,1,0,0,0,0,0,0,0,0
115,17798,34,F,internet,1,0,0,0,0,0,0,0,0
116,17889,37,F,internet,1,0,1,0,1,0,0,0,0
117,17944,52,M,internet,1,1,1,1,0,1,1,1,1
118,17979,46,F,internet,1,1,1,1,1,1,1,0,1
119,18038,40,F,internet,1,1,1,1,1,1,1,0,1
120,18126,43,F,internet,1,1,1,1,1,1,1,0,1
121,18151,29,F,internet,0,1,0,0,0,0,0,0,0
122,18194,64,F,internet,1,1,1,1,1,1,1,0,1
123,18241,20,F,internet,1,1,1,1,0,1,1,1,1
124,18251,35,M,internet,1,1,1,1,1,1,1,0,1
125,18256,5,M,internet,1,1,1,1,1,1,1,0,1
126,18259,38,F,internet,1,0,1,1,0,0,0,0,1
127,18403,51,M,internet,1,1,1,1,1,1,1,0,1
128,18414,38,F,internet,1,1,1,1,1,1,1,0,1
129,18456,36,F,internet,1,0,1,0,1,0,0,0,0
130,18465,43,M,internet,1,1,0,0,1,1,1,1,1
131,18772,36,F,internet,1,1,1,1,1,1,1,0,1
132,18824,32,M,internet,1,1,1,0,1,1,1,0,1
133,18857,22,F,internet,1,0,1,0,1,1,1,1,0
134,19076,35,M,internet,0,1,0,1,1,0,0,0,0
135,19096,41,F,internet,0,1,1,0,1,1,1,1,0
136,19124,52,M,internet,1,0,0,1,0,0,0,0,0
137,19140,64,M,internet,1,1,1,1,0,1,1,1,1
138,19289,39,F,internet,1,0,0,0,1,0,0,0,0
139,19396,25,F,internet,1,1,1,0,0,0,0,1,0
140,19413,64,F,internet,0,0,0,0,1,0,0,0,0
141,19424,45,M,internet,1,1,1,1,1,1,1,0,1
142,19580,37,F,internet,1,1,1,1,1,1,1,0,1
143,19628,33,M,internet,0,0,0,0,1,0,0,0,0
144,19689,34,F,internet,1,1,1,1,0,1,1,1,1
145,19865,28,F,internet,0,1,1,0,1,1,1,1,1
146,19895,38,M,internet,1,1,1,1,1,1,1,0,1
147,20017,59,F,internet,0,0,0,1,1,0,0,1,0
148,20059,37,M,internet,1,1,1,1,0,1,1,1,1
149,20091,39,F,internet,1,0,1,1,1,0,0,0,0
150,20133,35,F,internet,1,1,1,1,1,1,1,0,1
151,20172,33,M,internet,1,1,1,1,1,1,1,0,1
152,20358,39,F,internet,1,1,1,1,1,1,1,0,1
153,20431,12,M,internet,1,1,1,1,1,0,0,0,0
154,20474,35,M,internet,1,1,1,1,1,1,1,0,1
155,20493,10,F,internet,1,1,1,1,0,1,1,1,1
156,20499,31,F,internet,1,1,1,1,1,0,1,0,0
157,20601,73,M,internet,1,0,0,0,0,1,1,1,0
158,20631,34,F,internet,1,1,0,0,1,1,1,1,1
159,20922,49,M,internet,1,1,1,1,1,1,1,0,1
160,21202,32,F,internet,0,0,0,0,1,0,0,1,0
161,21436,37,F,internet,1,1,1,1,1,1,1,0,0
162,21476,34,M,internet,1,1,1,1,1,1,1,0,1
163,21720,39,F,internet,1,1,0,0,1,1,1,1,1
164,21733,32,M,internet,1,1,1,1,0,1,1,1,0
165,21737,42,F,internet,1,1,1,1,0,1,1,1,1
166,21741,14,M,internet,0,0,1,0,0,0,0,0,0
167,21777,54,M,internet,0,0,0,0,1,0,0,0,0
168,21980,32,F,internet,1,0,1,0,1,0,0,1,0
169,21991,17,M,internet,0,1,1,0,0,0,0,0,0
170,22063,71,M,internet,0,1,1,0,0,0,0,0,0
171,22266,69,F,internet,1,1,1,0,1,0,0,1,0
172,22313,51,M,internet,1,0,0,1,0,0,0,0,0
173,22639,35,F,internet,1,0,1,1,0,0,0,0,0
174,22670,44,F,internet,0,1,0,0,0,0,0,0,0
175,22719,48,F,internet,0,1,0,1,1,1,0,0,0
176,22813,34,F,internet,0,0,0,1,0,0,0,0,0
177,22827,4,F,internet,1,1,1,1,1,1,1,0,1
178,22896,35,F,internet,1,1,1,1,0,1,1,1,1
179,22900,34,F,internet,0,1,1,1,1,0,0,0,0
180,22912,30,F,internet,1,1,1,1,1,1,1,0,1
181,22919,34,F,internet,1,1,1,1,1,1,1,0,1
182,22954,6,F,internet,1,1,1,1,1,1,1,0,1
183,22978,4,F,internet,0,0,0,0,1,0,0,0,0
184,23004,38,M,internet,1,0,1,1,0,0,0,1,0
185,23075,35,F,internet,1,1,1,1,1,1,0,0,0
186,23233,44,F,internet,1,1,1,1,0,1,1,1,1
187,23627,16,F,internet,0,0,0,0,1,0,0,0,0
188,23710,39,F,internet,1,0,1,1,0,0,0,0,0
189,23717,42,F,internet,0,0,0,1,0,0,0,0,0
190,23796,32,F,internet,0,0,0,1,0,0,0,0,0
191,23906,49,M,internet,1,1,1,1,1,1,1,0,1
192,23924,42,M,internet,0,0,0,1,0,0,0,0,0
193,23942,38,M,internet,1,1,1,1,1,0,1,0,1
194,23976,65,F,internet,1,1,1,1,1,1,1,0,1
195,24044,8,F,internet,1,1,1,1,1,1,1,0,1
196,24105,3,M,internet,0,0,1,0,0,0,0,0,0
197,24121,44,F,internet,0,1,1,1,0,0,0,0,0
198,24222,33,F,internet,0,0,0,1,0,0,0,0,0
199,24473,68,F,internet,1,0,1,1,1,0,0,0,0
200,24596,37,F,internet,1,1,0,0,1,1,1,1,0
201,25317,36,F,internet,1,1,1,1,0,1,0,1,0
202,25646,45,F,internet,1,1,1,1,0,1,1,1,1
203,25740,32,M,internet,0,0,1,1,0,0,0,0,0
204,25798,30,F,internet,0,0,0,1,0,0,0,0,0
205,26023,34,F,internet,0,0,0,1,0,0,0,0,0
206,26330,32,F,internet,1,0,0,0,1,1,1,1,0
207,26387,47,M,internet,1,0,0,0,1,0,0,1,0
208,26456,16,M,internet,0,0,0,1,0,0,0,0,0
209,26732,33,M,internet,0,0,0,1,0,0,0,0,0
210,26939,36,F,internet,1,1,1,1,1,1,1,0,0
211,26971,43,F,internet,1,1,0,0,0,1,1,1,0
212,27281,37,F,internet,1,1,1,1,1,1,1,0,1
213,27452,42,M,internet,1,1,1,1,0,1,1,1,1
214,27465,11,M,internet,1,1,1,1,0,1,1,1,1
215,27470,42,F,internet,1,1,1,1,1,1,1,0,1
216,27501,36,F,internet,0,0,0,1,0,0,0,0,0
217,27673,30,F,internet,1,1,1,1,1,1,1,0,1
218,27772,36,M,internet,0,0,0,0,1,1,0,0,0
219,27779,51,F,internet,1,1,1,1,1,1,1,0,1
220,27866,35,F,internet,0,0,0,1,0,0,0,0,0
221,28051,34,M,internet,1,0,1,0,1,1,1,1,0
222,28186,43,F,internet,0,0,0,0,1,0,0,0,0
223,28220,50,F,internet,1,1,1,1,1,1,1,0,1
224,28321,43,F,internet,1,0,1,1,0,0,0,1,0
225,28667,34,F,internet,0,0,0,0,0,1,1,1,0
226,28673,61,F,internet,1,0,1,1,0,0,0,1,1
227,29079,36,F,internet,1,0,1,0,1,1,1,0,0
228,29383,28,F,internet,0,0,0,0,1,0,0,0,0
229,29434,57,F,internet,0,0,0,0,1,0,0,0,0
230,29562,40,M,internet,1,1,0,0,1,0,0,0,0
231,29621,73,M,internet,1,0,1,1,1,0,0,0,0
232,29794,39,F,internet,0,0,0,1,0,0,0,0,0
233,30032,34,F,internet,1,1,0,0,1,0,0,0,0
234,30326,28,F,internet,1,1,1,1,0,0,0,1,0
235,30722,47,F,internet,1,1,0,1,1,1,1,0,0
236,31081,32,M,internet,0,1,0,0,0,0,0,0,0
237,31292,28,M,internet,0,1,0,0,0,0,0,0,0
238,31638,28,F,internet,0,0,0,1,0,0,0,0,0
239,31860,33,F,internet,1,1,1,1,1,1,1,0,1
240,31861,41,F,internet,1,1,1,1,1,0,0,0,0
241,32079,37,M,internet,1,1,0,0,1,1,1,1,1
242,32489,34,M,internet,1,1,1,1,1,1,1,0,1
243,32538,33,F,internet,1,0,1,1,0,1,0,1,0
244,32663,24,M,internet,1,1,1,1,1,1,1,0,1
245,33138,34,F,internet,1,1,1,0,1,1,1,0,1
246,33174,51,F,internet,1,1,0,0,1,1,1,1,1
247,34830,33,F,internet,1,0,0,1,0,0,0,0,0
248,34838,28,F,internet,1,1,1,1,0,0,0,1,1
249,34903,57,F,internet,0,1,0,0,1,0,0,0,0
250,34905,61,F,internet,1,1,1,1,1,1,1,0,1
251,34932,24,M,internet,1,1,1,1,0,1,1,1,1
252,35007,58,M,internet,1,1,1,1,0,1,1,1,1
253,35012,38,F,internet,0,1,1,1,0,0,0,0,0
254,35077,30,F,internet,1,1,1,1,1,1,1,0,0
255,35086,65,M,internet,1,1,1,1,1,1,1,0,0
256,35224,35,F,internet,1,1,1,1,0,1,1,1,1
257,35230,34,M,internet,0,0,0,0,1,0,0,0,0
258,35450,36,M,internet,0,0,0,1,0,0,0,0,0
259,35477,29,F,internet,0,0,0,1,0,0,0,0,0
260,35499,35,M,internet,0,0,0,1,0,0,0,0,0
261,35507,3,F,internet,0,0,0,1,0,0,0,0,0
262,35523,1,F,internet,1,1,1,1,1,1,1,0,1
263,35642,36,M,internet,1,1,1,1,0,1,1,1,0
264,35963,32,M,internet,0,0,0,0,1,0,0,0,0
265,36190,30,M,internet,1,0,1,1,1,1,1,0,1
266,36360,25,F,internet,0,1,0,0,0,0,0,0,0
267,36679,68,M,internet,1,1,1,1,1,1,1,0,1
268,37110,39,F,internet,1,0,1,0,1,1,1,1,0
269,37144,56,M,internet,0,0,0,0,1,0,0,0,0
270,37174,56,M,internet,0,0,0,0,1,1,1,1,0
271,37610,30,M,internet,1,1,1,1,0,1,1,1,1
272,37642,40,F,internet,1,1,1,1,1,0,0,0,0
273,37919,44,M,internet,1,1,1,1,1,1,1,0,1
274,37955,52,F,internet,0,0,0,0,0,0,0,1,0
275,38151,56,F,internet,1,1,1,1,1,1,1,0,1
276,38322,37,M,internet,0,1,0,0,0,0,0,0,0
277,38464,32,M,internet,1,1,1,0,1,0,0,1,0
278,38469,27,M,internet,1,0,0,0,0,0,0,0,0
279,38518,59,M,internet,0,1,1,1,0,1,1,1,0
280,38554,22,F,internet,1,1,1,1,1,0,1,0,0
281,38640,65,M,internet,1,1,1,1,0,1,1,1,1
282,38774,19,M,internet,1,1,1,1,1,1,1,0,0
283,38845,37,F,internet,0,1,0,0,0,0,0,0,0
284,38921,64,M,internet,0,0,0,1,1,1,1,1,1
285,39197,20,F,internet,1,0,0,0,0,0,0,0,0
286,39335,29,M,internet,1,1,1,1,0,1,1,1,0
287,39645,32,F,internet,1,1,1,1,0,1,1,1,0
288,39719,6,M,internet,1,1,1,1,0,1,1,1,1
289,39738,39,F,internet,1,1,1,1,0,1,1,1,0
290,39814,4,M,internet,1,1,1,1,0,1,1,1,0
291,39824,35,M,internet,0,1,0,0,0,0,0,0,0
292,39828,35,F,internet,0,1,0,0,0,0,0,0,0
293,39908,61,F,internet,1,1,1,1,0,1,1,1,1
294,39946,30,F,internet,0,1,0,1,1,1,0,1,0
295,40021,65,F,internet,1,0,1,1,1,0,1,0,0
296,40066,21,M,internet,0,1,0,1,1,1,0,1,0
297,40108,72,M,internet,1,1,1,1,0,1,1,1,1
298,40143,39,F,internet,0,1,0,1,1,0,0,0,0
299,40282,32,F,internet,1,0,1,0,1,1,1,1,0
300,40482,53,F,internet,1,1,1,0,1,0,0,1,0
301,40523,69,M,internet,1,1,0,0,1,1,1,1,0
302,40536,33,F,internet,1,1,1,0,0,0,0,0,0
303,40583,36,F,internet,0,0,0,0,0,0,0,1,0
304,40671,42,F,internet,1,1,1,0,1,0,0,1,0
305,40690,42,F,internet,1,1,1,1,1,1,1,0,0
306,40734,36,F,internet,0,0,0,0,1,0,0,0,0
307,40744,64,F,internet,1,1,1,1,0,0,0,0,0
308,40774,36,M,internet,1,0,0,0,0,0,0,0,0
309,41054,33,F,internet,1,0,0,0,0,0,0,0,0
310,41094,36,M,internet,1,1,1,1,1,1,1,0,1
311,41259,50,F,internet,1,1,1,1,0,0,1,1,0
312,41309,40,M,internet,1,1,1,1,1,1,1,0,1
313,41845,32,F,internet,1,1,0,0,1,1,1,0,0
314,41851,37,M,internet,1,1,1,1,0,1,1,1,1
315,42167,33,F,internet,1,1,1,1,0,1,1,1,1
316,42224,51,F,internet,1,1,1,1,1,1,1,0,1
317,42396,45,F,internet,0,0,0,0,0,0,0,1,0
318,42710,67,F,internet,1,1,0,0,1,1,1,1,1
319,42810,26,F,internet,0,0,1,1,1,0,0,0,0
320,42864,56,F,internet,1,1,1,1,1,0,0,0,0
321,43017,58,M,internet,1,1,1,1,1,1,1,0,1
322,43242,46,M,internet,1,0,1,1,1,1,1,0,1
323,43391,26,F,internet,1,1,1,1,0,1,1,1,1
324,43433,35,F,internet,1,1,1,1,1,1,1,0,1
325,43745,38,F,internet,0,0,0,1,0,0,0,0,0
326,43791,24,F,internet,1,1,1,1,0,1,1,1,1
327,43803,30,M,internet,1,1,1,0,0,1,1,1,1
328,43865,4,M,internet,1,1,1,1,0,1,1,1,1
329,43906,2,F,internet,1,1,1,1,0,1,1,1,1
330,43941,35,F,internet,1,1,1,1,0,1,1,1,1
331,43956,30,M,internet,1,1,1,1,1,1,1,0,0
332,43966,34,M,internet,0,0,0,0,1,0,0,0,0
333,44056,36,M,internet,0,1,0,0,0,0,0,0,0
334,44149,18,M,internet,1,1,1,1,1,1,1,0,1
335,44152,56,F,internet,1,1,1,1,0,1,1,1,1
336,44169,64,F,internet,0,0,0,0,1,0,0,0,0
337,44205,33,F,internet,1,1,1,1,1,1,1,0,1
338,44206,35,M,internet,1,1,1,1,1,1,1,0,1
339,44262,29,F,internet,1,1,1,1,1,1,1,0,1
340,44394,38,F,internet,0,0,0,1,0,0,0,0,0
341,44506,62,F,internet,1,1,1,1,1,1,1,0,0
342,44521,36,M,internet,0,0,0,0,0,0,0,1,0
343,44579,12,M,internet,1,0,1,1,0,0,0,0,0
344,44622,41,M,internet,1,1,1,1,0,1,1,1,1
345,44690,35,F,internet,1,0,1,1,0,1,1,1,0
346,44714,30,F,internet,1,1,0,0,0,0,0,0,0
347,44765,29,F,internet,0,1,1,1,0,0,0,0,0
348,44943,42,M,internet,1,1,1,1,0,0,0,0,0
349,45116,69,F,internet,0,1,0,1,1,1,0,1,0
350,45433,30,F,internet,0,0,1,0,0,0,0,0,0
351,45530,52,M,internet,0,0,0,0,1,0,0,0,0
352,45566,28,F,internet,1,1,1,0,1,0,0,1,0
353,45631,28,M,internet,1,1,1,1,1,1,1,0,0
354,45686,32,F,internet,0,1,1,0,1,1,1,1,0
355,45711,31,F,internet,1,0,1,1,0,0,0,0,0
356,45772,33,F,internet,1,1,1,1,1,0,1,0,0
357,45802,55,F,internet,0,0,0,1,0,0,0,0,0
358,45823,6,F,internet,1,1,1,1,0,1,1,1,1
359,45834,26,F,internet,0,0,0,1,0,0,0,0,0
360,45869,3,F,internet,1,1,1,1,0,1,1,1,1
361,45913,55,F,internet,1,0,0,0,0,0,0,0,0
362,46022,70,M,internet,0,0,0,0,1,1,1,0,0
363,46132,36,M,internet,0,1,0,0,0,0,0,0,0
364,46151,76,F,paper,0,1,1,0,1,1,1,1,0
365,46156,26,M,internet,1,1,0,0,0,0,0,0,0
366,46184,54,F,internet,1,1,1,1,1,1,1,0,1
367,46202,36,F,internet,0,0,0,0,1,1,1,0,0
368,46221,4,F,internet,0,1,1,1,0,0,0,0,1
369,46229,45,F,internet,1,1,1,1,1,0,0,0,0
370,46234,29,F,internet,0,1,0,0,1,1,1,0,0
371,46268,2,F,internet,0,0,0,0,0,1,1,1,0
372,46406,25,M,internet,0,0,0,0,0,0,0,0,1
373,46546,59,F,internet,0,1,0,1,1,1,0,1,0
374,46693,40,M,internet,1,1,1,1,0,0,0,1,0
375,46785,36,M,internet,1,1,1,1,0,0,0,0,0
376,46848,71,M,internet,1,0,1,0,1,1,1,1,0
377,46853,27,F,internet,1,1,1,1,0,1,1,1,1
378,46976,33,F,internet,0,1,0,0,1,0,1,1,0
379,47057,35,M,internet,0,0,0,0,0,1,1,1,0
380,47847,60,M,internet,0,0,0,0,0,0,0,1,0
381,47983,77,F,internet,0,0,0,0,0,1,1,1,0
382,48239,24,F,internet,1,1,0,0,1,1,1,1,0
383,48288,39,M,internet,1,0,0,0,0,0,0,0,0
384,48370,21,M,internet,0,0,0,0,1,0,0,0,0
385,48425,77,F,internet,1,1,1,1,1,1,1,0,0
386,48907,4,F,internet,1,1,1,1,1,1,1,0,0
387,48973,0,F,internet,0,0,0,0,1,0,0,1,0
388,49463,34,F,internet,1,0,0,0,0,1,0,1,0
389,49753,51,F,internet,1,0,1,1,0,1,0,1,0
390,49789,58,M,internet,1,0,0,0,0,0,0,0,0
391,49995,31,F,internet,1,1,0,0,0,1,0,1,0
392,50181,32,F,internet,1,1,0,0,1,1,0,0,0
393,50475,38,M,internet,0,0,0,0,1,0,0,0,0
394,50624,46,M,internet,0,0,0,1,1,1,1,1,0
395,50978,45,F,internet,1,1,1,1,1,1,1,0,1
396,51042,39,F,internet,0,0,0,0,1,0,0,0,0
397,51156,29,M,internet,1,1,1,1,0,1,1,1,1
398,51161,36,M,internet,1,1,0,0,1,1,1,1,1
399,51213,34,F,internet,0,1,1,0,0,1,0,1,1
400,51520,47,M,internet,0,1,1,0,0,1,1,1,1
401,51642,49,F,internet,0,1,0,0,1,1,0,1,0
402,51679,31,F,internet,1,1,1,0,1,0,0,1,0
403,51717,42,F,internet,0,1,0,1,1,0,1,1,0
404,52341,55,F,internet,0,0,0,0,1,0,0,0,0
405,52878,67,F,paper,1,0,1,1,0,0,0,0,1
406,53070,63,F,paper,1,0,0,1,0,1,1,1,0
407,53107,63,F,internet,0,1,0,0,0,0,0,0,0
408,53450,69,F,internet,1,1,1,1,1,1,1,0,1
409,53573,38,M,internet,1,0,0,0,0,0,0,0,0
410,53711,79,F,paper,1,1,1,1,1,1,1,0,0
411,53721,69,F,paper,0,0,0,0,1,0,0,0,0
412,53739,29,F,internet,1,1,1,1,1,1,1,0,1
413,53872,41,F,internet,1,1,0,0,1,1,1,1,1
414,54037,30,M,internet,1,1,1,1,0,1,1,1,1
415,54559,49,F,internet,0,0,0,0,1,0,1,1,0
416,54691,40,F,internet,0,0,0,0,0,1,0,0,0
417,54736,50,F,internet,1,1,1,1,0,1,1,1,1
418,54866,41,M,internet,1,0,1,1,0,0,0,1,0
419,55025,34,F,internet,1,1,1,1,1,0,0,0,0
420,55129,39,F,internet,0,0,0,1,1,0,0,1,0
421,55161,34,M,internet,0,1,0,1,1,0,0,1,1
422,55533,38,M,internet,0,1,1,0,1,0,0,0,0
423,55548,44,F,internet,0,1,1,1,0,0,0,1,0
424,55773,69,F,internet,1,1,1,1,1,1,1,0,1
425,56009,28,F,internet,1,1,1,0,1,0,0,1,0
426,56022,1,F,internet,0,0,0,1,1,1,1,1,1
427,56098,47,F,internet,1,1,1,1,1,1,1,0,0
428,56123,68,F,internet,1,1,0,1,0,1,1,1,0
429,56154,78,M,internet,0,0,1,0,0,0,0,0,0
430,56343,33,F,internet,1,1,1,1,0,1,1,1,1
431,56429,42,F,internet,0,0,1,1,1,0,0,0,0
432,56442,53,M,internet,1,1,1,1,1,1,1,0,1
433,56475,39,M,internet,1,0,1,0,0,0,0,0,0
434,56641,33,F,internet,0,0,0,0,1,1,0,0,0
435,56690,34,M,internet,0,1,0,1,1,1,0,1,0
436,56698,44,M,internet,1,1,0,0,1,1,1,1,0
437,56714,31,M,internet,1,1,1,1,0,0,0,0,0
438,57027,37,F,internet,0,1,0,0,0,0,0,0,0
439,57354,29,M,internet,0,1,1,0,1,0,0,1,0
440,57963,42,F,internet,1,1,0,0,1,1,1,1,0
441,58208,25,F,internet,0,0,0,0,1,1,1,0,0
442,58316,33,F,internet,0,0,0,1,1,1,1,1,1
443,58495,27,F,internet,1,1,1,1,1,0,1,0,1
444,58559,40,F,internet,1,1,1,1,0,0,0,0,1
445,58651,9,M,internet,0,0,0,0,0,0,0,1,0
446,58694,30,F,internet,1,1,1,1,0,0,1,0,1
447,58762,7,M,internet,1,1,1,1,0,1,1,1,1
448,59102,35,F,paper,0,0,0,0,1,0,0,0,0
449,59172,61,M,internet,0,0,0,0,1,0,0,0,0
450,59333,61,M,internet,1,1,1,0,1,0,0,1,0
451,59358,55,F,internet,0,0,0,0,1,0,0,0,0
452,59553,23,F,internet,1,0,1,1,0,0,0,1,0
453,59836,33,M,internet,1,1,1,1,0,1,1,1,1
454,60085,18,M,internet,1,0,1,1,0,0,0,0,0
455,60104,69,M,internet,1,1,1,1,0,0,1,1,0
456,60150,48,M,internet,1,1,1,1,1,1,1,0,0
457,60525,35,F,internet,1,1,1,1,0,1,1,1,1
458,60594,17,F,internet,0,0,1,1,1,0,0,0,0
459,60686,36,F,internet,0,0,0,1,0,0,0,0,0
460,60856,31,F,internet,1,1,1,1,1,1,1,0,1
461,60905,32,M,internet,1,1,1,1,0,1,1,1,1
462,60919,38,F,internet,0,0,0,1,0,0,0,0,0
463,60964,32,M,internet,1,1,1,1,0,1,1,1,1
464,60971,8,M,internet,1,1,1,1,0,1,1,1,1
465,61049,41,M,internet,1,1,1,0,1,0,0,1,0
466,61138,65,F,internet,1,0,1,1,0,0,0,0,0
467,61189,32,F,internet,1,0,1,1,0,0,0,0,0
468,61344,3,F,internet,0,0,0,0,1,0,0,0,0
469,61426,56,M,internet,1,1,1,1,0,1,1,1,1
470,61506,32,F,internet,1,1,1,1,0,1,1,1,1
471,61583,35,F,internet,1,0,1,0,0,0,0,0,0
472,61588,24,F,internet,0,0,1,1,1,0,0,0,0
473,61618,37,M,internet,1,0,1,1,0,0,0,0,0
474,61619,37,F,internet,0,1,1,0,0,0,0,0,0
475,61663,40,F,internet,1,1,1,1,0,0,0,1,0
476,61825,54,M,internet,1,0,1,1,0,0,0,0,0
477,61866,34,M,internet,1,0,1,1,0,0,0,0,0
478,61912,9,M,internet,1,1,1,1,0,1,1,1,1
479,62034,40,M,internet,1,0,1,1,0,0,0,0,0
480,62101,7,F,internet,1,0,1,1,0,0,0,0,0
481,62147,4,F,internet,0,0,0,0,0,0,1,1,0
482,62156,72,F,internet,0,0,0,0,0,0,0,1,0
483,62249,11,F,internet,1,0,1,1,1,0,0,0,0
484,62332,37,M,internet,1,0,1,1,1,0,0,0,0
485,62416,4,M,internet,1,1,1,1,1,1,1,0,1
486,62430,35,F,internet,1,1,1,1,0,0,0,0,0
487,62466,50,M,internet,1,1,1,1,1,1,1,0,1
488,62529,5,F,internet,0,0,0,0,1,0,0,0,0
489,62560,29,M,internet,1,1,1,1,0,1,1,1,1
490,62561,35,F,internet,1,1,0,0,1,1,1,1,0
491,62579,27,F,internet,1,1,1,1,1,1,1,0,1
492,62600,31,M,internet,1,1,1,1,0,1,1,1,1
493,62638,34,M,internet,0,0,0,0,1,0,0,0,0
494,62701,30,F,internet,1,1,1,1,1,1,1,0,1
495,62778,31,F,internet,0,0,0,0,0,0,0,1,0
496,62876,89,F,internet,1,1,0,0,1,1,1,1,1
497,62891,71,F,internet,1,1,0,0,1,1,1,1,1
498,62955,72,M,internet,1,1,1,1,1,0,0,0,1
499,63336,60,F,internet,0,0,0,1,0,0,0,0,0
500,63337,38,M,internet,1,0,1,1,0,0,0,0,0
501,63527,29,F,internet,0,0,0,0,0,0,0,1,0
502,63806,24,F,internet,0,1,0,0,0,1,0,0,1
503,64116,58,F,internet,1,1,1,1,0,0,1,1,1
504,64179,24,F,internet,1,0,1,1,0,0,0,1,0
505,64342,33,F,internet,1,1,1,1,0,1,1,1,1
506,64372,48,F,internet,1,1,1,1,0,0,0,0,1
507,64390,40,F,internet,0,0,1,1,0,0,0,0,1
508,64425,70,F,internet,1,1,1,1,0,1,1,1,1
509,64483,82,F,internet,1,1,0,0,1,1,1,1,0
510,64490,45,M,internet,1,1,1,1,1,1,1,0,1
511,64798,38,F,internet,0,0,0,0,1,0,0,0,0
512,64799,24,M,internet,1,1,0,0,1,1,1,1,1
513,65416,61,F,internet,1,1,1,1,0,1,1,1,1
514,65431,34,M,internet,0,0,1,0,0,0,0,0,0
515,65463,72,F,internet,1,1,1,1,1,0,0,0,0
516,65553,27,M,internet,1,1,1,0,1,0,0,1,0
517,65650,41,F,internet,0,0,0,1,1,1,1,1,0
518,65787,38,F,internet,0,0,0,0,1,0,0,0,0
519,65953,22,M,internet,1,1,1,1,1,0,0,0,0
520,65976,33,F,internet,1,1,1,1,1,1,1,0,1
521,66016,7,F,internet,0,0,0,1,1,1,1,1,0
522,66236,32,F,internet,1,1,0,0,1,0,0,0,0
523,66303,61,F,internet,1,1,0,0,1,1,1,1,0
524,66435,30,F,internet,1,0,0,0,0,0,0,0,0
525,66943,23,F,internet,1,1,1,1,1,1,1,0,1
526,67326,39,F,internet,1,1,1,1,1,1,1,0,1
527,67621,41,M,internet,0,0,0,0,0,0,0,1,0
528,67724,66,F,internet,0,0,0,0,1,0,0,0,0
529,67892,38,F,internet,1,1,1,1,0,1,1,1,1
530,67983,34,F,internet,1,0,1,1,1,1,1,0,0
531,68160,14,M,internet,1,1,1,1,1,1,1,0,1
532,68311,59,M,internet,1,0,1,0,1,1,1,1,0
533,68508,9,M,internet,1,0,1,1,0,0,0,0,0
534,68533,2,M,internet,1,1,1,1,0,1,1,1,0
535,68581,69,F,internet,1,0,0,1,1,0,0,0,1
536,69112,35,M,internet,0,1,0,0,1,0,0,1,0
537,69306,55,F,internet,0,1,1,0,1,1,1,1,1
538,69331,39,M,internet,0,0,0,0,1,0,0,0,0
539,69342,28,F,internet,1,0,1,1,0,0,0,0,0
540,69429,0,M,internet,1,1,1,1,0,0,0,1,0
541,69496,40,M,internet,1,1,1,1,1,1,1,0,1
542,69582,43,F,internet,1,1,0,0,1,1,1,1,0
543,69785,48,M,internet,1,1,1,1,0,1,1,1,1
544,69830,36,F,internet,1,1,1,1,1,1,1,0,1
545,70110,41,F,internet,1,0,1,0,1,1,1,0,0
546,70240,36,F,internet,1,0,1,1,0,0,0,0,0
547,70245,6,M,internet,1,0,1,1,0,0,0,0,1
548,70292,13,F,internet,0,1,0,1,1,0,1,1,0
549,70310,23,F,internet,1,1,1,1,0,1,1,1,1
550,70519,58,F,internet,1,1,1,1,1,1,1,0,1
551,70705,48,F,internet,0,1,0,1,1,0,1,1,0
552,70793,20,F,internet,0,1,0,0,0,1,0,0,0
553,70800,54,F,internet,1,1,1,0,1,0,0,1,0
554,70821,45,F,internet,1,1,0,0,1,1,1,1,0
555,70834,34,M,internet,1,1,1,0,1,0,0,1,0
556,70950,28,F,internet,1,1,1,0,1,0,0,1,0
557,71113,45,F,internet,0,1,0,0,1,1,1,1,0
558,71185,36,M,internet,0,1,0,0,0,0,0,0,0
559,71219,29,F,internet,0,0,0,0,1,0,0,1,0
560,71317,46,M,internet,1,1,1,1,0,1,1,1,1
561,71318,43,M,internet,0,1,0,0,0,0,0,0,0
562,71347,72,M,internet,1,1,1,1,0,1,1,1,1
563,71481,45,F,internet,0,0,0,0,1,1,1,1,0
564,71508,42,M,internet,0,1,1,0,1,1,1,1,1
565,71710,74,F,internet,1,1,1,1,1,1,1,0,0
566,71723,38,M,internet,1,1,1,1,1,1,1,0,1
567,71775,43,F,internet,1,0,1,1,0,0,0,1,0
568,71932,27,F,internet,1,1,1,1,1,1,1,0,1
569,71937,10,M,internet,1,0,1,0,1,0,1,1,1
570,71987,65,F,internet,1,1,1,1,0,1,1,1,1
571,72098,36,M,internet,1,1,0,0,1,1,1,0,0
572,72237,26,F,internet,1,0,1,1,0,0,0,0,0
573,72485,38,M,internet,1,0,1,0,1,1,0,1,1
574,72487,52,M,internet,0,0,1,1,0,0,0,0,1
575,72556,71,M,internet,0,0,0,1,1,1,1,1,1
576,72604,42,F,internet,1,1,1,1,1,1,1,0,1
577,72618,7,F,internet,1,0,1,1,1,0,0,0,0
578,72767,40,M,internet,0,1,0,0,1,0,0,0,0
579,72839,35,M,internet,1,1,1,1,1,0,0,0,1
580,73014,76,F,internet,1,1,1,1,0,0,0,0,1
581,73060,78,M,internet,1,1,1,1,0,0,0,0,1
582,73171,43,F,internet,1,0,1,1,0,0,0,0,0
583,73334,29,M,internet,1,1,1,1,0,0,0,0,1
584,73344,41,M,internet,1,1,1,1,0,1,1,1,1
585,73499,32,F,internet,1,1,1,1,1,1,1,0,1
586,73727,30,F,internet,1,1,1,1,1,1,1,0,1
587,73813,1,M,internet,0,1,0,0,0,0,0,0,0
588,73823,49,F,internet,1,1,1,1,0,1,1,1,1
589,73855,2,F,internet,1,1,1,0,1,0,0,1,0
590,74089,27,M,internet,1,1,1,0,0,0,0,0,0
591,74230,26,F,internet,1,1,1,1,0,0,1,0,0
592,74234,70,M,internet,1,1,1,1,0,1,1,1,1
593,74379,70,M,internet,1,1,1,1,0,0,1,0,0
594,74380,70,F,internet,1,1,1,1,0,1,1,1,1
595,74460,41,F,internet,1,0,0,1,1,1,1,0,1
596,75073,59,M,internet,0,0,0,1,1,0,0,1,0
597,75245,41,F,internet,1,1,1,1,1,1,1,0,0
598,75340,42,M,internet,0,0,0,0,0,0,0,1,0
599,75382,23,M,internet,1,1,1,0,1,0,0,1,0
600,75651,32,M,internet,0,0,0,0,0,0,0,1,0
601,75659,92,M,internet,0,0,1,1,0,0,1,1,0
602,75690,22,F,internet,0,0,0,0,0,0,0,1,0
603,75777,2,F,internet,1,1,1,1,1,1,1,0,1
604,75877,44,F,internet,1,0,1,0,0,0,0,0,0
605,75896,23,F,internet,0,0,0,0,0,0,0,1,0
606,76008,9,M,internet,1,0,0,0,1,0,1,1,0
607,76046,35,M,internet,1,1,1,1,1,1,1,0,0
608,76052,42,M,internet,0,0,0,0,0,0,0,1,0
609,76133,78,F,internet,1,1,0,0,0,1,1,1,1
610,76325,51,F,internet,1,1,1,1,0,1,1,1,1
611,76404,37,M,internet,0,1,0,0,0,0,0,0,0
612,76545,74,M,internet,1,1,1,1,0,1,1,1,1
613,76601,31,M,internet,1,0,1,0,1,1,1,1,0
614,76627,32,M,internet,1,1,1,1,0,1,1,1,1
615,76645,35,F,internet,1,1,1,1,0,0,0,0,0
616,76647,41,F,internet,0,0,0,0,1,0,0,0,0
617,76769,0,M,internet,0,0,0,0,1,0,0,0,0
618,76852,28,M,internet,0,0,0,0,1,0,0,0,0
619,76859,68,F,internet,0,0,0,0,1,0,0,0,0
620,76924,37,F,internet,0,1,0,0,0,0,0,0,0
621,76960,13,M,internet,0,0,0,0,1,0,0,0,0
622,76999,65,M,internet,0,0,0,0,1,0,0,0,0
623,77054,65,F,internet,0,1,0,0,0,0,0,0,0
624,77061,17,M,internet,1,0,0,0,1,0,0,1,0
625,77571,63,F,internet,1,0,1,0,1,1,1,1,0
626,77732,25,F,internet,0,1,0,0,1,0,1,1,1
627,77947,31,F,internet,1,1,1,1,0,0,0,0,1
628,77965,43,M,internet,1,1,1,1,0,1,1,1,1
629,78066,79,F,internet,1,1,0,0,1,0,0,0,0
630,78359,36,M,internet,1,0,1,1,0,0,0,0,0
631,78366,9,M,internet,1,1,1,1,0,0,0,0,0
632,78718,37,M,internet,0,1,0,0,1,0,0,1,0
633,79011,47,M,internet,0,1,0,0,0,0,0,0,0
634,79055,46,F,internet,1,1,1,1,0,0,0,0,0
635,79152,71,M,internet,0,1,0,0,0,0,0,0,0
636,79221,46,M,internet,1,1,1,1,0,0,0,1,0
637,79267,70,F,internet,0,1,0,0,0,0,0,0,0
638,79333,18,F,internet,1,1,0,0,1,1,1,1,0
639,79415,58,M,internet,1,0,1,1,0,0,0,0,0
640,79447,66,F,internet,0,0,0,0,1,0,0,0,0
641,79459,66,F,internet,1,1,1,0,0,0,0,0,0
642,79492,31,F,internet,0,1,0,0,1,1,0,0,0
643,79804,40,F,internet,0,0,1,0,0,0,0,0,0
644,79816,64,F,internet,0,0,0,0,0,0,0,1,0
645,79883,53,M,internet,1,1,0,0,0,0,0,0,0
646,80099,24,M,internet,1,1,1,1,1,1,1,0,1
647,80312,43,M,internet,0,1,1,0,1,0,0,1,0
648,80392,25,M,internet,0,0,0,0,1,0,0,0,0
649,80836,43,F,internet,0,0,0,0,1,0,0,0,0
650,80915,13,M,internet,1,0,1,1,0,0,0,1,0
651,80917,38,F,internet,0,0,0,0,1,0,0,0,0
652,81001,11,F,internet,0,0,0,0,1,0,0,0,0
653,81075,45,M,internet,0,0,0,0,1,0,0,0,0
654,81142,74,F,internet,1,0,1,1,1,0,0,0,0
655,81289,34,F,internet,0,0,0,0,1,0,0,0,0
656,81397,48,M,internet,1,1,0,1,0,1,1,1,0
657,81510,50,F,internet,1,1,1,1,1,1,1,0,1
658,81516,37,M,internet,0,1,1,1,0,0,0,0,0
659,81562,43,M,internet,1,1,1,1,0,1,1,1,1
660,81702,37,F,internet,1,1,1,1,1,1,1,0,0
661,81718,36,M,internet,0,0,0,0,1,1,1,0,0
662,82379,31,M,internet,1,1,1,1,1,1,1,0,1
663,82710,41,F,internet,1,1,1,1,1,1,1,0,1
664,82733,45,F,internet,0,0,0,0,1,1,1,0,0
665,82848,28,F,internet,1,1,1,1,1,1,1,0,1
666,83001,14,F,internet,1,1,1,1,1,1,1,0,1
667,83211,50,M,internet,1,1,1,1,0,1,1,1,0
668,83482,35,F,internet,1,1,1,1,1,1,1,0,1
669,83563,29,M,internet,1,1,1,1,0,1,1,1,0
670,83618,32,M,internet,1,1,1,1,1,1,0,0,1
671,83743,49,F,internet,1,1,1,1,1,1,1,0,1
672,83784,37,F,internet,0,0,0,0,1,0,0,0,0
673,83807,49,F,internet,0,1,1,1,1,1,1,0,1
674,83856,48,F,internet,1,1,1,1,1,1,1,0,1
675,83936,32,M,internet,1,0,0,0,1,1,0,0,0
676,84334,42,F,internet,0,1,0,1,1,0,0,1,0
677,84705,6,M,internet,1,1,0,0,1,1,1,1,0
678,84803,48,M,internet,1,1,1,1,1,1,1,0,1
679,84900,39,F,internet,0,1,0,0,0,0,0,0,0
680,85092,49,M,internet,1,1,1,1,0,0,0,1,0
681,85127,39,M,internet,1,1,1,0,1,1,1,0,1
682,85141,58,M,internet,0,1,0,1,1,0,0,1,0
683,85412,9,M,internet,1,1,1,1,1,1,1,0,1
684,85422,43,F,internet,1,1,1,1,1,1,1,0,1
685,85483,50,M,internet,1,0,1,1,0,0,0,0,0
686,85504,38,M,internet,0,0,0,0,0,0,0,1,0
687,85671,19,M,internet,1,1,1,1,1,1,1,0,1
688,85738,6,F,internet,0,0,0,0,1,0,1,1,0
689,85924,54,F,internet,1,1,1,1,1,0,0,0,0
690,85985,35,M,internet,1,1,1,1,1,1,1,0,1
691,86069,6,F,internet,1,1,0,0,1,1,0,1,0
692,86147,33,F,internet,1,0,1,1,0,0,1,1,0
693,86438,35,F,internet,1,1,1,1,0,1,1,1,1
694,86496,28,F,internet,0,0,0,0,0,0,0,1,0
695,86709,18,M,internet,1,1,1,1,0,1,1,1,1
696,86772,66,M,internet,1,1,0,0,1,1,1,1,1
697,86872,30,M,internet,1,0,1,0,1,1,1,1,0
698,87095,28,M,internet,1,1,1,0,0,0,0,1,0
699,87444,65,F,paper,0,1,1,0,0,0,0,0,1
700,87448,75,M,paper,0,1,0,0,0,0,0,0,0
701,87455,66,F,paper,1,1,1,1,1,0,0,0,0
702,87458,4,M,paper,1,1,1,0,0,0,0,0,1
703,87459,71,F,paper,0,0,0,0,0,0,0,1,1
704,87461,68,F,paper,0,0,0,0,0,0,0,1,0
705,87464,67,M,paper,0,1,1,1,0,0,0,0,0
706,87467,74,F,paper,1,1,1,1,1,0,0,0,0
707,87468,9,M,paper,1,1,1,1,1,0,0,0,0
708,87471,35,F,paper,1,1,1,1,0,1,1,1,1
709,87472,2,F,paper,1,1,1,1,0,1,1,1,1
710,87473,38,F,paper,1,1,1,1,0,1,1,1,1
711,87475,6,M,paper,1,1,1,1,0,1,1,1,1
712,87476,8,M,paper,1,1,0,1,0,1,1,1,0
713,87765,67,F,paper,1,1,1,1,1,1,0,0,1
714,87780,65,F,paper,1,1,1,1,1,1,1,0,1
715,87790,75,F,paper,1,1,1,1,1,1,1,0,1
716,87794,72,M,paper,1,1,0,0,0,1,1,0,1
717,87800,60,F,paper,0,1,0,0,0,0,0,1,0
718,87869,67,F,paper,0,0,0,0,0,0,0,0,0
